,Wavelength,Correction
0,337.7981567,0.48997361309679865
1,338.0101318,0.4858774210648632
2,338.2221375,0.48190332662985297
3,338.4341431,0.47808632670737444
4,338.6461792,0.4742571917905926
5,338.8582153,0.47034646104673233
6,339.070282,0.4664877576984728
7,339.2823792,0.46263045470703235
8,339.4944763,0.45876161412851063
9,339.706604,0.4550996836934976
10,339.9187317,0.45130472715440284
11,340.1308899,0.4478965505469918
12,340.3430786,0.4443860415794753
13,340.5552673,0.44117832289505543
14,340.7674561,0.4380092954882701
15,340.9796753,0.43516519594125064
16,341.191925,0.4325547763095872
17,341.4041748,0.4300954869235775
18,341.6164551,0.4278522480251164
19,341.8287659,0.42575811758121185
20,342.0410767,0.42387900478021967
21,342.2533875,0.42213998355673665
22,342.4657288,0.4206210731958803
23,342.6781006,0.4191660082925299
24,342.8904724,0.417435479530637
25,343.1028748,0.4155952589157194
26,343.3152771,0.4134402379209526
27,343.52771,0.4109802250142063
28,343.7401733,0.4081260343539459
29,343.9526367,0.4048425332916922
30,344.1651306,0.4009740306019411
31,344.3776245,0.39644399047225265
32,344.5901489,0.39150745334021564
33,344.8026733,0.3860831003677515
34,345.0152283,0.38050399277141533
35,345.2277832,0.37478647587097375
36,345.4403687,0.3691626480422916
37,345.6529846,0.36373821627293396
38,345.8656006,0.3586487413067324
39,346.0782471,0.35376521642035347
40,346.2908936,0.3493076483876271
41,346.5035706,0.3455473609700136
42,346.7162476,0.34249180064699325
43,346.9289551,0.3399999553210114
44,347.1416931,0.3380134877888798
45,347.3544312,0.33654470507947043
46,347.5671997,0.3355514560177134
47,347.7799683,0.33488251252856127
48,347.9927673,0.33436719133325077
49,348.2055664,0.3339909657812499
50,348.418396,0.333851371701512
51,348.6312561,0.3337504706844108
52,348.8441162,0.3334773004561065
53,349.0569763,0.33309377459297757
54,349.2698669,0.33264476745711546
55,349.4827881,0.3321475268912521
56,349.6957092,0.33169517566591494
57,349.9086609,0.3313408766533821
58,350.1216431,0.33100388085248605
59,350.3346252,0.3306729765537764
60,350.5476074,0.3303380368359866
61,350.7606201,0.3300472537962411
62,350.9736633,0.3296833141131428
63,351.1867065,0.32907814164999943
64,351.3997803,0.328309324961419
65,351.6128845,0.3274728118997647
66,351.8259583,0.3265007510859395
67,352.039093,0.3252796146846218
68,352.2522278,0.3238203122029483
69,352.4653931,0.32218309047039023
70,352.6785583,0.320381116699015
71,352.8917236,0.31845747724172313
72,353.10495,0.31642288115127093
73,353.3181763,0.3143387059301296
74,353.5314026,0.31244236930157804
75,353.7446594,0.310546795125842
76,353.9579163,0.30865221745610194
77,354.1712036,0.3068209360244005
78,354.3845215,0.30503739975755073
79,354.5978394,0.30336677968136855
80,354.8111877,0.30192382931404227
81,355.0245361,0.30070857868185297
82,355.237915,0.2996332087500016
83,355.4513245,0.2986722609336331
84,355.6647339,0.29787068652026644
85,355.8781433,0.29721054524537766
86,356.0915833,0.2966303115140068
87,356.3050537,0.29611923697774456
88,356.5185242,0.2956023252416038
89,356.7320251,0.2950917279536563
90,356.9455261,0.2945225533740863
91,357.1590576,0.2938452004052467
92,357.3725891,0.29307379109284715
93,357.5861511,0.292239243727821
94,357.7997437,0.29133482535645844
95,358.0133362,0.2903033553530441
96,358.2269592,0.2891270438395439
97,358.4405823,0.2878471479074332
98,358.6542358,0.28645367228948126
99,358.8678894,0.28493299335794764
100,359.0815735,0.28327299233911085
101,359.2952576,0.28149530262030437
102,359.5089722,0.27960336761565396
103,359.7227173,0.27764836531073
104,359.9364624,0.27568434983199724
105,360.150238,0.27374689304579963
106,360.3640137,0.2719625329346008
107,360.5778198,0.27032103324577883
108,360.791626,0.26880440630682834
109,361.0054626,0.2674238045761364
110,361.2192993,0.2661917262068198
111,361.4331665,0.2651060527244473
112,361.6470642,0.2641404709059745
113,361.8609619,0.26332870291398564
114,362.0748596,0.2625835736876885
115,362.2888184,0.2617981273608834
116,362.5027466,0.2610627592968817
117,362.7167358,0.26042619834009295
118,362.9307251,0.259848706573226
119,363.1447144,0.25932480749256187
120,363.3587341,0.258858186581972
121,363.5727539,0.2584280940121162
122,363.7868042,0.25803399055100174
123,364.000885,0.2577103313305185
124,364.2149658,0.25745387579987855
125,364.4290771,0.2572377263984392
126,364.6431885,0.2570941451508602
127,364.8573303,0.2569309399816958
128,365.0714722,0.2567250925190117
129,365.2856445,0.25648478674347397
130,365.4998474,0.2561927203879637
131,365.7140503,0.25586080176770615
132,365.9282532,0.2556056584143048
133,366.1424866,0.2553348845963581
134,366.3567505,0.2549765851462772
135,366.5710144,0.25455807747956755
136,366.7853088,0.25412587011380894
137,366.9996033,0.2536767673923504
138,367.2139282,0.2531594293234889
139,367.4282837,0.2525544701632174
140,367.6426392,0.2519201557794495
141,367.8569946,0.25127834597881404
142,368.0713806,0.2505622204669662
143,368.2857971,0.24971052895351945
144,368.5002136,0.24874368284129958
145,368.7146606,0.24771365739371143
146,368.9291077,0.24651443376426393
147,369.1435852,0.24505999167512452
148,369.3580627,0.24337800732156403
149,369.5725708,0.24154321762651837
150,369.7871094,0.23952891565992457
151,370.0016479,0.23728313234512552
152,370.2161865,0.23484378348595908
153,370.4307556,0.23238857077561034
154,370.6453552,0.23002728228361582
155,370.8599548,0.22756655986243796
156,371.074585,0.22487572434337613
157,371.2892151,0.2222779654907881
158,371.5038757,0.21992760914134463
159,371.7185364,0.21771489256403934
160,371.9332275,0.21546589400957142
161,372.1479492,0.21336860001426713
162,372.3626709,0.2115162158661701
163,372.5773926,0.2098293003430588
164,372.7921448,0.2081508374974872
165,373.0069275,0.2065156160725455
166,373.2217102,0.20513081246867507
167,373.4365234,0.20395210619715448
168,373.6513367,0.2027564860818186
169,373.8661804,0.20149853116480307
170,374.0810242,0.20027360976935832
171,374.2958984,0.1991915953509398
172,374.5108032,0.19805484445909094
173,374.725708,0.1968386669231059
174,374.9406128,0.19556335957985335
175,375.1555481,0.19430616289201552
176,375.3705139,0.19299984097894932
177,375.5854797,0.1916836672660543
178,375.8004761,0.1903398959151454
179,376.0154724,0.18902466283901959
180,376.2304993,0.18772073437601444
181,376.4455261,0.18640105243577282
182,376.6605835,0.18507699607532693
183,376.8756714,0.18382286205760545
184,377.0907593,0.1826700334536725
185,377.3058472,0.1815253918405085
186,377.5209656,0.18037433615612802
187,377.7361145,0.17923647262300163
188,377.9512634,0.17809321132167505
189,378.1664429,0.17697039230005832
190,378.3816223,0.17589912295081173
191,378.5968323,0.17486440284575736
192,378.8120422,0.17388133350187568
193,379.0272827,0.17296045062400028
194,379.2425232,0.17205641256984885
195,379.4577942,0.1712122321652928
196,379.6730957,0.17042128782339036
197,379.8883972,0.1696893729583577
198,380.1036987,0.16903053242428598
199,380.3190308,0.1684287531071272
200,380.5343933,0.16786588826197862
201,380.7497559,0.16731960118155575
202,380.9651489,0.16676123201898838
203,381.180542,0.16614187151150273
204,381.3959656,0.16548320975660274
205,381.6113892,0.1647946079405279
206,381.8268433,0.1640498055696597
207,382.0423279,0.16323724840914047
208,382.2578125,0.16237095632404888
209,382.4732971,0.16143648382432038
210,382.6888123,0.16046152466378089
211,382.9043579,0.15945525606469516
212,383.1199036,0.15843932163916766
213,383.3354797,0.15742611198530876
214,383.5510559,0.15643566741257958
215,383.7666321,0.15546958047794293
216,383.9822693,0.15453243019410437
217,384.1979065,0.15368567343968895
218,384.4135437,0.1529306636360334
219,384.6292114,0.1523015330703712
220,384.8448792,0.1518286220489771
221,385.0605774,0.1514713903446804
222,385.2763062,0.15121272415277406
223,385.4920349,0.15103623322717014
224,385.7077637,0.15094366969834253
225,385.9235229,0.15088417868267837
226,386.1393127,0.15086963059392508
227,386.3551025,0.15084473029444126
228,386.5709229,0.15080597435028878
229,386.7867432,0.150723653071452
230,387.002594,0.15055818729868486
231,387.2184448,0.15030411610860506
232,387.4343262,0.14997091555025718
233,387.6502075,0.14956593880978167
234,387.8661194,0.14909566086943965
235,388.0820618,0.1485746525971505
236,388.2980042,0.14801016693385918
237,388.5139465,0.14741566508099327
238,388.7299194,0.14679944063207429
239,388.9459229,0.14612721157780717
240,389.1619263,0.14544593910762346
241,389.3779602,0.14481642156962882
242,389.5939941,0.14419083183427345
243,389.8100586,0.14357454416059356
244,390.026123,0.14295117572317134
245,390.242218,0.14234202803599247
246,390.458313,0.14172472619707518
247,390.6744385,0.14111182278693998
248,390.890564,0.1404963774196913
249,391.10672,0.13984550173573243
250,391.3229065,0.13917270872511786
251,391.539093,0.1384271812955555
252,391.7552795,0.13758987364811343
253,391.9714966,0.13670625037814702
254,392.1877441,0.13577692552487544
255,392.4039917,0.13484110750461117
256,392.6202698,0.13385662886234934
257,392.8365479,0.13291266143144218
258,393.0528564,0.13193883553029737
259,393.269165,0.13103394939362875
260,393.4855042,0.13021973784624488
261,393.7018433,0.12951295197119708
262,393.9182129,0.128919383928378
263,394.1345825,0.12843747319219195
264,394.3509827,0.1280641805270943
265,394.5674133,0.12778795954144176
266,394.7838135,0.12760707196310428
267,395.0002747,0.1275132493546497
268,395.2167358,0.12747932317115623
269,395.4332275,0.12751762470587494
270,395.6497192,0.12756121952048732
271,395.8662109,0.12763287889576608
272,396.0827332,0.12765558992346948
273,396.2992859,0.1276126561888211
274,396.5158386,0.12748338672921775
275,396.7324219,0.12725869856733005
276,396.9490051,0.12693142983536812
277,397.1656189,0.12645332930857936
278,397.3822327,0.1258746031005277
279,397.598877,0.12519248007414882
280,397.8155518,0.12444928848295625
281,398.032196,0.12363950256841941
282,398.2489014,0.12280399503032617
283,398.4656067,0.12200861213103864
284,398.682312,0.12127803378574717
285,398.8990479,0.12061702050191125
286,399.1158142,0.1200240071900628
287,399.3325806,0.11953659454672298
288,399.5493774,0.11915478987648774
289,399.7661743,0.11888036917608752
290,399.9829712,0.11871685897181061
291,400.1997986,0.1186430910656386
292,400.4166565,0.11863785942651299
293,400.6335144,0.11869619286380087
294,400.8504028,0.11877157935914709
295,401.0672913,0.11887686201208379
296,401.2842102,0.11897027169800058
297,401.5011597,0.11906031650700832
298,401.7180786,0.11915052437988255
299,401.9350586,0.11922806509932982
300,402.1520386,0.11925801331872209
301,402.3690186,0.11923399629167408
302,402.5860291,0.11914516085599101
303,402.8030701,0.11897288416355545
304,403.0201111,0.11875888204081976
305,403.2371521,0.11850785656332567
306,403.4542236,0.11821312083131008
307,403.6713257,0.1178954997054821
308,403.8884277,0.11753455731726445
309,404.1055298,0.11712741946238552
310,404.3226929,0.11669926259088945
311,404.5398254,0.1162770697830139
312,404.7569885,0.11586654985504587
313,404.9741821,0.11548630573527063
314,405.1913757,0.1151526460731261
315,405.4085999,0.11486982010025536
316,405.625824,0.11465565838318106
317,405.8430786,0.11454439019412956
318,406.0603638,0.11452208453839245
319,406.2776184,0.11459831655906172
320,406.4949341,0.11475447905102855
321,406.7122498,0.11494173939024055
322,406.9295654,0.11513663741619451
323,407.1469116,0.11533648692641559
324,407.3642883,0.1155392885816044
325,407.581665,0.11568621507589034
326,407.7990417,0.11575117999405976
327,408.016449,0.11575005264093044
328,408.2338867,0.11568205679076672
329,408.4513245,0.11555929257567742
330,408.6687622,0.11533881427388717
331,408.8862305,0.1150927945418208
332,409.1037292,0.11483646647008795
333,409.321228,0.11458413293160061
334,409.5387573,0.1143344011026047
335,409.7562866,0.11410261946569561
336,409.9738464,0.1139030054764506
337,410.1914063,0.11372977410849675
338,410.4089966,0.11357223648249457
339,410.6265869,0.11342598832195235
340,410.8442078,0.11329747341721867
341,411.0618286,0.11318183839676228
342,411.27948,0.11307519792288594
343,411.4971313,0.1129833365400015
344,411.7148132,0.11289311082929956
345,411.9324951,0.11281685383714249
346,412.1502075,0.1127397235062895
347,412.3679504,0.11267373412375759
348,412.5856934,0.11261058766800465
349,412.8034363,0.11251891233817513
350,413.0212097,0.11244378086830704
351,413.2390137,0.11238356285212658
352,413.4568176,0.11234622479381631
353,413.6746216,0.11229613444459888
354,413.8924561,0.11226001559258467
355,414.110321,0.11222969758690278
356,414.328186,0.11220273689493751
357,414.546051,0.11218258434816701
358,414.7639771,0.11215025130423069
359,414.9818726,0.11210584093971446
360,415.1997986,0.11203331709214079
361,415.4177551,0.11191389703938798
362,415.6357117,0.11174354178035985
363,415.8536987,0.11152504545598967
364,416.0716858,0.11126931794016362
365,416.2897034,0.1109674527493973
366,416.5077209,0.11062909459718234
367,416.725769,0.11027106376453653
368,416.9438171,0.10988092736115454
369,417.1618958,0.10951515364489009
370,417.3799744,0.10921164221770434
371,417.5980835,0.10895440257404577
372,417.8161926,0.1087367806283343
373,418.0343323,0.10856643263776225
374,418.2524719,0.10847330456078076
375,418.4706421,0.10840824885872752
376,418.6888428,0.10841384695553707
377,418.9070129,0.10841922983714396
378,419.1252441,0.10845997383085375
379,419.3434753,0.10846727914865388
380,419.5617065,0.10839896955965278
381,419.7799683,0.1082416230951241
382,419.9982605,0.10801130639063909
383,420.2165527,0.10771340439876952
384,420.434845,0.10732853476361322
385,420.6531677,0.10687220462618356
386,420.871521,0.1063674378068283
387,421.0898743,0.10582629508264958
388,421.3082275,0.10529092441749982
389,421.5266113,0.10474727792257688
390,421.7450256,0.10427268563065085
391,421.9634399,0.10387477245000609
392,422.1818542,0.10357834616431714
393,422.4002991,0.10340306624565379
394,422.6187744,0.1033405586801318
395,422.8372498,0.10336828480665493
396,423.0557556,0.10350309904990708
397,423.2742615,0.10373631016953354
398,423.4927673,0.10406214722954664
399,423.7113342,0.10444654370191214
400,423.9298706,0.1048949134499552
401,424.1484375,0.10537455200992883
402,424.3670349,0.10589001235947863
403,424.5856323,0.10641234589194655
404,424.8042603,0.10693763486388344
405,425.0228882,0.10744473356838564
406,425.2415466,0.1079166196261033
407,425.4602051,0.10835568692069494
408,425.678894,0.108739627272827
409,425.897583,0.10907880273416513
410,426.1163025,0.10935180849824458
411,426.335022,0.10956765710905796
412,426.553772,0.10973003194209172
413,426.772522,0.1098131625163793
414,426.9913025,0.10983477637757488
415,427.210083,0.109764885169211
416,427.428894,0.10970799876746654
417,427.6477051,0.1095476391288501
418,427.8665466,0.10940674510857014
419,428.0853882,0.10917392542543047
420,428.3042603,0.10895908507294205
421,428.5231628,0.1086844543477556
422,428.7420349,0.10837966682844652
423,428.960968,0.10804008551852606
424,429.1799011,0.10763013407891238
425,429.3988342,0.10720399075548005
426,429.6177979,0.10679328299058806
427,429.8367615,0.10643030490285678
428,430.0557556,0.106103633847079
429,430.2747803,0.10583918500894028
430,430.4937744,0.10566811793036464
431,430.7128296,0.10558946962368446
432,430.9318848,0.10561400022320777
433,431.1509399,0.10570753478761612
434,431.3700256,0.10591890960651046
435,431.5891113,0.10624161022413577
436,431.8082275,0.10662491145424875
437,432.0273743,0.10701266624396288
438,432.246521,0.10741072847191005
439,432.4656677,0.10774541007740959
440,432.684845,0.10804239263532249
441,432.9040527,0.10827358776134136
442,433.12323,0.1084300854751454
443,433.3424683,0.10849122426182582
444,433.5617065,0.10846003931936626
445,433.7809448,0.10833133945242308
446,434.0002136,0.10811337385748918
447,434.2195129,0.1078052188565017
448,434.4388123,0.10742409135668976
449,434.6581116,0.10696177158427168
450,434.8774414,0.10644525999129538
451,435.0968018,0.10587501555123482
452,435.3161621,0.10527721719810035
453,435.5355225,0.10469416788596696
454,435.7549133,0.10413809706292128
455,435.9743347,0.10362927874004042
456,436.1937561,0.10318279062316134
457,436.4131775,0.10278847971648321
458,436.6326294,0.10245488279523714
459,436.8520813,0.10218220499197926
460,437.0715637,0.10199033355754838
461,437.2910767,0.10184779633666351
462,437.5105896,0.10178896051920923
463,437.7301025,0.10174921458308493
464,437.949646,0.10170967465384465
465,438.16922,0.10167272805603329
466,438.3887939,0.1015953645958518
467,438.6083679,0.10150926538679489
468,438.8279724,0.10146175953247892
469,439.0476074,0.10139861904860682
470,439.2672424,0.10135859669238849
471,439.4868774,0.10130467572195558
472,439.706543,0.10119367715586455
473,439.926239,0.10105528211551018
474,440.1459351,0.1009377472811404
475,440.3656311,0.10081657202595791
476,440.5853577,0.10067742843099375
477,440.8051147,0.10052397864359175
478,441.0248718,0.10035986692100324
479,441.2446289,0.10018788760811227
480,441.4644165,0.10000242278073074
481,441.6842346,0.09980745699865898
482,441.9040527,0.09962614876769142
483,442.1238708,0.09946573718705834
484,442.3437195,0.09931214365822826
485,442.5635986,0.09916724491988269
486,442.7834778,0.09904850943386073
487,443.0033569,0.09897563531584522
488,443.2232666,0.09891459122980019
489,443.4431763,0.0988560162314643
490,443.6631165,0.09882012050560163
491,443.8830872,0.09884474464334185
492,444.1030579,0.09887648430932
493,444.3230286,0.09892691891790215
494,444.5430298,0.09897112993311187
495,444.7630615,0.09899320071058862
496,444.9830627,0.09899739525763662
497,445.203125,0.09899807421269297
498,445.4231873,0.09897739612111532
499,445.6432495,0.09893084001782387
500,445.8633423,0.09886746551293765
501,446.0834656,0.09875891253489293
502,446.3035583,0.09864207445845656
503,446.5237122,0.09852811549326712
504,446.743866,0.09843413466043668
505,446.9640198,0.0983718393118518
506,447.1842041,0.09834821267502547
507,447.4043884,0.0983249985136227
508,447.6246033,0.09831081833321613
509,447.8448486,0.09832169225612225
510,448.0650635,0.09834987267660851
511,448.2853394,0.09839653164449903
512,448.5056152,0.09844984238621537
513,448.7258911,0.09848664844036074
514,448.9461975,0.09849205391183004
515,449.1665039,0.09847201133729318
516,449.3868408,0.09842454358725547
517,449.6071777,0.0983533314566178
518,449.8275452,0.09827112960902211
519,450.0479126,0.09817794923444281
520,450.2683105,0.09808880328209477
521,450.4887085,0.09800638342061588
522,450.709137,0.09788461999907654
523,450.9295654,0.09779788893133017
524,451.1500244,0.0977513537552073
525,451.3704834,0.09775288415476775
526,451.5909729,0.09772198387347575
527,451.8114624,0.09773751685743522
528,452.0319824,0.09777285780264859
529,452.2525024,0.09785116338961967
530,452.473053,0.09792632291404146
531,452.6936035,0.09803080472046433
532,452.9141846,0.0982072873157818
533,453.1347656,0.0984252289090333
534,453.3553467,0.09864346494279641
535,453.5759888,0.09887120111409634
536,453.7966003,0.09915950936596052
537,454.0172424,0.09947560815659588
538,454.237915,0.09980443621036116
539,454.4585876,0.1001272064536058
540,454.6792908,0.10041663730880587
541,454.8999939,0.10065867413586511
542,455.120697,0.10082644860734542
543,455.3414307,0.10090828969314362
544,455.5621948,0.10092803807318793
545,455.782959,0.1008909324114747
546,456.0037231,0.10076511601972613
547,456.2245178,0.10054135416832043
548,456.445343,0.10027248947171029
549,456.6661682,0.09997740720802051
550,456.8869934,0.09967692270340368
551,457.1078491,0.09941792433133696
552,457.3287354,0.09917311290432912
553,457.5496216,0.09897026703087311
554,457.7705078,0.098791799751123
555,457.9914246,0.09865447062320169
556,458.2123413,0.09854184116642034
557,458.4332886,0.09852778366181245
558,458.6542664,0.09851825206623548
559,458.8752136,0.09853267004827923
560,459.0962219,0.09853503682817728
561,459.3172302,0.09849469826565761
562,459.5382385,0.09843208217121265
563,459.7592773,0.0983148656529064
564,459.9803162,0.09817960374461117
565,460.2013855,0.09800740156316601
566,460.4224548,0.0978383882143719
567,460.6435547,0.09763831605129392
568,460.8646545,0.09745570771319585
569,461.0857849,0.09726914944705213
570,461.3069153,0.09711370146298827
571,461.5280457,0.09700970298689351
572,461.7492371,0.0969524707061427
573,461.9703979,0.09696502295747247
574,462.1915894,0.0970217469828729
575,462.4128113,0.09711481451389685
576,462.6340332,0.0972210346249266
577,462.8552856,0.09732370860698271
578,463.0765381,0.09740600663357453
579,463.2977905,0.09746963480971663
580,463.5190735,0.09753536244528693
581,463.740387,0.09750191358948991
582,463.9617004,0.09737119844336399
583,464.1830139,0.09714496792209924
584,464.4043579,0.09682057176379588
585,464.6257324,0.09644580232637841
586,464.8470764,0.0960206609592163
587,465.0684814,0.09559912144076708
588,465.2898865,0.09513951507997861
589,465.5112915,0.09473869834751776
590,465.7327271,0.09434114223906248
591,465.9541626,0.09404594041406543
592,466.1756287,0.09385771512979482
593,466.3970947,0.09377505462907362
594,466.6185913,0.0938084293525965
595,466.8400879,0.09392857511723186
596,467.061615,0.0941197574720129
597,467.2831421,0.09436830190155605
598,467.5046997,0.094669527072584
599,467.7262573,0.09499924752820214
600,467.9478455,0.09532633098550232
601,468.1694336,0.09565585275742904
602,468.3910522,0.0959296775573727
603,468.6126709,0.09618299184023099
604,468.8342896,0.096382602587683
605,469.0559387,0.09655776598849652
606,469.2776184,0.09664297235905174
607,469.4992981,0.0966836496033678
608,469.7209778,0.09668496250901548
609,469.942688,0.09665953554148649
610,470.1644287,0.09657121811012975
611,470.3861694,0.09643119810087576
612,470.6079102,0.09630441574340216
613,470.8296814,0.09617237543823567
614,471.0514526,0.09604515715951893
615,471.2732544,0.0959055189655545
616,471.4950562,0.09574794507594869
617,471.7168884,0.0955703945873043
618,471.9387207,0.0953821769450392
619,472.1605835,0.09519642207336881
620,472.3824463,0.09497090809307258
621,472.6043396,0.09473321404309328
622,472.8262329,0.09443968549084618
623,473.0481567,0.09410746561303414
624,473.2700806,0.09374515932630659
625,473.4920349,0.09338906885956211
626,473.7139893,0.0930270557969726
627,473.9359436,0.09269643259711204
628,474.1579285,0.09238143875564347
629,474.3799438,0.09210593163036403
630,474.6019592,0.0918652212831814
631,474.8239746,0.0916615298581593
632,475.0460205,0.09150794269623173
633,475.2680664,0.09139052895719582
634,475.4901428,0.09133042726020123
635,475.7122498,0.0913132034896366
636,475.9343567,0.09134599365396182
637,476.1564636,0.09142177442962127
638,476.3786011,0.09152740352056503
639,476.6007385,0.09157473607339343
640,476.8229065,0.09162222231832089
641,477.0450745,0.0916815980890086
642,477.2672424,0.09171207762469523
643,477.4894714,0.09172176024018015
644,477.7116699,0.09167635319433354
645,477.9338989,0.09153881218970011
646,478.1561584,0.09132419243942093
647,478.378418,0.09104567645013568
648,478.6006775,0.09070071886602822
649,478.8229675,0.09031810771494769
650,479.0452881,0.08989239089528246
651,479.2676086,0.08943127596500847
652,479.4899292,0.08894897993637889
653,479.7122803,0.08844001861312488
654,479.9346313,0.08792939989226584
655,480.1570129,0.08742899825029625
656,480.379425,0.08695279907808073
657,480.6018066,0.08650556814715006
658,480.8242493,0.08609529705910851
659,481.0466614,0.08574250169802539
660,481.269104,0.08544364906639354
661,481.4915771,0.08519420334108878
662,481.7140503,0.08498764823309012
663,481.936554,0.08482977182431944
664,482.1590576,0.08471024732770194
665,482.3815613,0.08463563360435265
666,482.6040955,0.08459823431905268
667,482.8266602,0.08456456468626215
668,483.0492249,0.08454019487813201
669,483.2717896,0.08449783875293317
670,483.4943848,0.08446117399065436
671,483.71698,0.08434911512877727
672,483.9396057,0.0841684581844039
673,484.1622314,0.08392010616095975
674,484.3848877,0.0836265736573722
675,484.6075439,0.08329342201478665
676,484.8302307,0.08294444304174584
677,485.0529175,0.0825870172473668
678,485.2756348,0.08218685257999914
679,485.4983521,0.08181981891084664
680,485.7210693,0.08138168150175507
681,485.9438477,0.08104677548032432
682,486.1665955,0.08078204022380463
683,486.3893738,0.08064946771332046
684,486.6121521,0.08059186365516803
685,486.8349609,0.08066788158880152
686,487.0578003,0.08077870208700139
687,487.2806091,0.08100989002638179
688,487.503479,0.08131685267923909
689,487.7263489,0.08171294425313905
690,487.9492188,0.08220525517011562
691,488.1720886,0.08274923730447976
692,488.3950195,0.08327440485411075
693,488.6179199,0.08381100991588973
694,488.8408508,0.08432720225373214
695,489.0638123,0.08482469995576994
696,489.2867737,0.08522510784454707
697,489.5097351,0.0855758247713995
698,489.7327271,0.0858019612684529
699,489.9557495,0.08596099277518512
700,490.178772,0.08599392606842196
701,490.4017944,0.08595292452804887
702,490.6248474,0.08585894839838815
703,490.8479004,0.08570596318151742
704,491.0709839,0.08548150935587823
705,491.2940674,0.08519597554682351
706,491.5171814,0.08487238760591617
707,491.7402954,0.08450360896466604
708,491.9634399,0.08420715289299614
709,492.1865845,0.08391163789278758
710,492.409729,0.08365202774845865
711,492.6329041,0.08339307345577518
712,492.8561096,0.0831183606059183
713,493.0792847,0.08282064176139611
714,493.3025208,0.08257539982980834
715,493.5257568,0.0823452041639389
716,493.7489929,0.08215638812518196
717,493.9722595,0.08198716051770298
718,494.1955261,0.08178529665831039
719,494.4188232,0.08155104488392914
720,494.6421204,0.08129693923705034
721,494.8654175,0.08102680813648584
722,495.0887756,0.08074717929129989
723,495.3121033,0.08047028728118438
724,495.5354614,0.08017961354048249
725,495.7588501,0.0798883089418181
726,495.9822083,0.07960295696101101
727,496.2056274,0.0793316545561843
728,496.4290466,0.07912578991692193
729,496.6524658,0.07899270151955062
730,496.8759155,0.07892402834218396
731,497.0993652,0.07891015707239103
732,497.3228455,0.07896245437909448
733,497.5463257,0.07906785572657328
734,497.7698059,0.079203895508349
735,497.9933167,0.079342348168573
736,498.2168579,0.0794995504839445
737,498.4403992,0.07966637670584659
738,498.6639404,0.07981544442919061
739,498.8875122,0.07993251224848738
740,499.1111145,0.08002197459601984
741,499.3346863,0.08009291313825168
742,499.5583191,0.08012251583699145
743,499.7819214,0.08011528716301602
744,500.0055847,0.0800666492737209
745,500.2292175,0.07997988849575877
746,500.4528809,0.07985233636680683
747,500.6765747,0.07966791285018296
748,500.9002686,0.07945923243188366
749,501.1239929,0.07924111339938869
750,501.3476868,0.07899965946580771
751,501.5714417,0.07873267546984204
752,501.7951965,0.07845165106556456
753,502.0189514,0.07818159840701433
754,502.2427368,0.07790600032710357
755,502.4665222,0.0776702517273865
756,502.6903381,0.07743736861078383
757,502.9141541,0.0772491959052249
758,503.13797,0.07706930859277614
759,503.3618164,0.0768678317582929
760,503.5856934,0.07669155900435158
761,503.8095703,0.0765175524240668
762,504.0334473,0.07638058706580961
763,504.2573547,0.07627829359384075
764,504.4812927,0.07621779905725938
765,504.7052002,0.0761728328169171
766,504.9291687,0.07616676979216377
767,505.1531067,0.07617577159345676
768,505.3770752,0.07621342636488464
769,505.6010742,0.07625644585867643
770,505.8250732,0.07631299442158139
771,506.0491028,0.0763679401578381
772,506.2731323,0.07642326370234702
773,506.4971619,0.07642920780000483
774,506.7212219,0.07642402438568667
775,506.945282,0.07637113428778965
776,507.1693726,0.0763068918943655
777,507.3934631,0.07623190521715761
778,507.6175842,0.07615549296849755
779,507.8417053,0.07609510930357602
780,508.0658569,0.0760456664287677
781,508.2900085,0.07600397383288124
782,508.5141602,0.07597713774813904
783,508.7383423,0.0759649105561277
784,508.9625244,0.07596844177386719
785,509.1867371,0.07601530661356633
786,509.4109802,0.07607863846814879
787,509.6351929,0.07613344414654406
788,509.8594666,0.07618609131829217
789,510.0837097,0.07624405786182771
790,510.3079834,0.07629984127565786
791,510.5322876,0.0763407628811623
792,510.7565918,0.07637317260118891
793,510.980896,0.07642580229238481
794,511.2052307,0.0764834247680525
795,511.4295959,0.07654301185118544
796,511.6539612,0.07660481157483823
797,511.8783264,0.07665397544705553
798,512.1027222,0.07670049985555044
799,512.3270874,0.07675470820274272
800,512.5515137,0.07681429077987842
801,512.7759399,0.07684975273292545
802,513.0003662,0.07687448212196743
803,513.2248535,0.07689875641895313
804,513.4493408,0.0769195998898771
805,513.6738281,0.07693053147960291
806,513.8983154,0.0769292608003346
807,514.1228027,0.0769512427381393
808,514.3473511,0.07697169070263213
809,514.5718994,0.07693425767508018
810,514.7964478,0.07684858974890334
811,515.0209961,0.07675996739187049
812,515.2455444,0.07665510191884106
813,515.4701538,0.07650791356301444
814,515.6947632,0.07632479562048775
815,515.9193726,0.07612772679564828
816,516.144043,0.07591980175665035
817,516.3686523,0.07569536258442763
818,516.5933228,0.07546822543510465
819,516.8179932,0.07528423350292598
820,517.0426636,0.07514762236626518
821,517.267395,0.07506499383858566
822,517.4921265,0.07504155750576798
823,517.7168579,0.0750690583690323
824,517.9415894,0.07515341747171696
825,518.1663208,0.07527619807803121
826,518.3911133,0.07544258936842554
827,518.6159058,0.07568630707626874
828,518.8406982,0.07599861569636299
829,519.0654907,0.07634742047929131
830,519.2903442,0.07672415388345163
831,519.5151367,0.07711874852749896
832,519.7399902,0.07751811589576987
833,519.9649048,0.07792066187663672
834,520.1897583,0.07831232567341695
835,520.4146729,0.07867206428653824
836,520.6395264,0.0789900314781792
837,520.864502,0.07926142236001499
838,521.0894165,0.07948308109511112
839,521.3143311,0.07964377614386
840,521.5393066,0.07974663024960411
841,521.7642822,0.07982234139838135
842,521.9892578,0.07987699041033923
843,522.2142944,0.07988150057277438
844,522.43927,0.07984304698297207
845,522.6643066,0.07982043590871246
846,522.8893433,0.07981792787608621
847,523.1143799,0.07978805338476165
848,523.3394775,0.07973095716865362
849,523.5645752,0.07967672504489907
850,523.7896729,0.07962827582445063
851,524.0147705,0.07958308914236434
852,524.2398682,0.07954209623201176
853,524.4650269,0.07953099918234188
854,524.6901855,0.07955230354399515
855,524.9153442,0.07956047153847098
856,525.1405029,0.07954923064134718
857,525.3657227,0.07953802642293814
858,525.5908813,0.07952200888729824
859,525.8161011,0.07950002294482965
860,526.0413208,0.07946879393916083
861,526.2666016,0.0794103287559084
862,526.4918213,0.07932387580954417
863,526.7171021,0.07919317622131879
864,526.9423828,0.07902058414791006
865,527.1677246,0.07884632427659685
866,527.3930054,0.07868751435368282
867,527.6183472,0.07850912030539973
868,527.843689,0.07831959278782077
869,528.0690308,0.07814380344444936
870,528.2943726,0.07799228551817872
871,528.5197754,0.07785062311156139
872,528.7451782,0.07771978048687418
873,528.9705811,0.07763109807483182
874,529.1959839,0.07758595674272346
875,529.4213867,0.0775546041586003
876,529.6468506,0.07752713954370687
877,529.8723145,0.07751817423245859
878,530.0977783,0.07751822285262286
879,530.3232422,0.07752222833208937
880,530.5487671,0.07752055403934673
881,530.774292,0.0775179312641559
882,530.9998169,0.07750849609456983
883,531.2253418,0.07749717326931088
884,531.4508667,0.07748932596804722
885,531.6764526,0.07744264337151247
886,531.9020386,0.07735577991164298
887,532.1276245,0.07726504908014485
888,532.3532104,0.07718424249224778
889,532.5788574,0.07705803658350835
890,532.8045044,0.07689033838773722
891,533.0301514,0.07670461986189173
892,533.2557983,0.07651227547650337
893,533.4814453,0.07627933170879099
894,533.7071533,0.07601018846107126
895,533.9328613,0.07575879228730016
896,534.1585693,0.07553593749862322
897,534.3842773,0.07533558398214951
898,534.6099854,0.07516122474487982
899,534.8357544,0.07504378160192195
900,535.0615234,0.07498214740627974
901,535.2872925,0.07497756118669201
902,535.5130615,0.0750202892450514
903,535.7388916,0.07511937782107776
904,535.9647217,0.07526023408177915
905,536.1905518,0.07542654879677091
906,536.4163818,0.07560298826759031
907,536.6422729,0.07576234717199502
908,536.868103,0.07589552290743838
909,537.0939941,0.07598926356313482
910,537.3198853,0.07604571556202842
911,537.5457764,0.07603507583695315
912,537.7717285,0.07597109180012591
913,537.9976807,0.07586886763066387
914,538.2236328,0.0757461670927703
915,538.449585,0.0756174312360115
916,538.6755371,0.07549366822879017
917,538.9015503,0.07537681526562265
918,539.1275635,0.07527131737171154
919,539.3535767,0.07519040720926345
920,539.5795898,0.07513226046930048
921,539.805603,0.07513534633799969
922,540.0316772,0.07519185746011486
923,540.2577515,0.07526080849522888
924,540.4838257,0.07533435685084548
925,540.7098999,0.07542215077579131
926,540.9360352,0.07551514600688718
927,541.1621704,0.07560608730481193
928,541.3883057,0.07568767299780027
929,541.6144409,0.07578296124660869
930,541.8405762,0.07588204182761872
931,542.0667725,0.0759356936625732
932,542.2929688,0.07594715763982259
933,542.519165,0.07594792696007398
934,542.7453613,0.0759365344666954
935,542.9716187,0.0758764626864511
936,543.1978149,0.07578091924758472
937,543.4240723,0.07567250300066142
938,543.6503296,0.0755580944447397
939,543.8766479,0.07541413273554667
940,544.1029053,0.07525438886854256
941,544.3292236,0.07513325002072228
942,544.555542,0.07503585402573906
943,544.7818604,0.07495309810698542
944,545.0082397,0.07487052414705664
945,545.2345581,0.07483337602157186
946,545.4609375,0.07480388459615116
947,545.6873169,0.07476626291333713
948,545.9136963,0.07470090491783274
949,546.1401367,0.07460094822859255
950,546.3665771,0.07446370036522333
951,546.5930176,0.07424695177861577
952,546.819458,0.07398683261851213
953,547.0458984,0.07366659589431748
954,547.2723999,0.07333498325622463
955,547.4988403,0.07296651339905436
956,547.7253418,0.07261905588091644
957,547.9518433,0.07227869442934513
958,548.1784058,0.07199174396730502
959,548.4049072,0.07173470488441355
960,548.6314697,0.07154243056653507
961,548.8580322,0.07145412017016019
962,549.0846558,0.07144704437027258
963,549.3112183,0.07154689639166867
964,549.5378418,0.07170757834320493
965,549.7644653,0.07194731323365096
966,549.9910889,0.07221063849072729
967,550.2177124,0.07251050861115389
968,550.444397,0.0727909401539226
969,550.6710205,0.07308822349153064
970,550.8977051,0.0733346909075977
971,551.1243896,0.07348466482455854
972,551.3511353,0.07354283199933417
973,551.5778198,0.07345822089184194
974,551.8045654,0.07327700934109295
975,552.031311,0.0729571778571252
976,552.2580566,0.07256376598005086
977,552.4848633,0.0721505150495389
978,552.7116699,0.07171366381699193
979,552.9384155,0.07127807014782789
980,553.1652222,0.07085082213650797
981,553.3920898,0.07050583324634584
982,553.6188965,0.07020304583552905
983,553.8457642,0.06996696274241528
984,554.0726318,0.06978982784120241
985,554.2994995,0.06969275842331597
986,554.5263672,0.06967098370592603
987,554.7532959,0.06967815174364116
988,554.9802246,0.06977382174112964
989,555.2071533,0.06988903129919524
990,555.434082,0.07009952078211143
991,555.6610107,0.07028111699322645
992,555.8880005,0.0705537658066433
993,556.1149902,0.07084949463519781
994,556.34198,0.07121489540926047
995,556.5689697,0.07157970074511472
996,556.7959595,0.07197487969617374
997,557.0230103,0.07234893253750514
998,557.250061,0.07270359115351044
999,557.4771118,0.07306504763568017
1000,557.7041626,0.07334767379761137
1001,557.9312744,0.07361658315870677
1002,558.1583252,0.07375242253949194
1003,558.385437,0.07385187082764157
1004,558.6125488,0.07378154841925298
1005,558.8397217,0.07363960576134108
1006,559.0668335,0.07332037682217481
1007,559.2940063,0.07289141422096743
1008,559.5211792,0.07230536665655102
1009,559.7483521,0.07155935075381947
1010,559.9755249,0.07074064988907414
1011,560.2027588,0.06988849195578749
1012,560.4299927,0.06904228962199582
1013,560.6572266,0.0682424699178944
1014,560.8844604,0.0675116358994349
1015,561.1117554,0.06688268515684731
1016,561.3389893,0.06634404697893403
1017,561.5662842,0.0659027969671714
1018,561.7935791,0.06557957332813248
1019,562.020874,0.06539432017718337
1020,562.24823,0.06529247631495827
1021,562.4755249,0.06526351163837171
1022,562.7028809,0.06528623336881328
1023,562.9302368,0.0653366261086852
1024,563.1576538,0.06543048659983995
1025,563.3850098,0.06554948152169378
1026,563.6124268,0.06570872249625656
1027,563.8398438,0.06589409816644866
1028,564.0672607,0.06610781970883563
1029,564.2946777,0.06633301560695425
1030,564.5221558,0.06658634089861704
1031,564.7496338,0.06685063407690059
1032,564.9771118,0.06712914776911556
1033,565.2045898,0.06739990762600828
1034,565.4320679,0.06764644502333118
1035,565.6596069,0.06784057728249392
1036,565.887085,0.06800702862138422
1037,566.114624,0.06810416974828762
1038,566.3422241,0.06817234048120342
1039,566.5697632,0.06815847383074748
1040,566.7973633,0.06804971022904126
1041,567.0249023,0.06781016634741839
1042,567.2525024,0.06748969867115583
1043,567.4801636,0.067054100165199
1044,567.7077637,0.06656605400038501
1045,567.9354248,0.06599209107833559
1046,568.1630859,0.06541561295555634
1047,568.3907471,0.06479394337956873
1048,568.6184082,0.06419047115543679
1049,568.8460693,0.06356915611690822
1050,569.0737915,0.06307678207543828
1051,569.3015137,0.06262383189805419
1052,569.5292358,0.06218862728996083
1053,569.756958,0.06177100986709303
1054,569.9847412,0.061401754792892733
1055,570.2125244,0.06107737790273727
1056,570.4403076,0.06086415871034694
1057,570.6680908,0.06071765658653266
1058,570.895874,0.060627597197270185
1059,571.1237183,0.060595321123949664
1060,571.3515015,0.06057450216304405
1061,571.5793457,0.060597072619817616
1062,571.8071899,0.060708646531046344
1063,572.0350952,0.06085453222314518
1064,572.2629395,0.06109392562250878
1065,572.4908447,0.06135028571610943
1066,572.71875,0.061482730663665545
1067,572.9466553,0.06162344326138258
1068,573.1746216,0.06165352534069
1069,573.4025269,0.06170393135617649
1070,573.6304932,0.06170528000190261
1071,573.8584595,0.0617429468182583
1072,574.0864258,0.0617524214353874
1073,574.3144531,0.061807358422917714
1074,574.5424194,0.06184666917750667
1075,574.7704468,0.0619494901666234
1076,574.9984741,0.06220251114758908
1077,575.2265015,0.06249675562752586
1078,575.4545898,0.06288850162196744
1079,575.6826172,0.06325340626159397
1080,575.9107056,0.0635681339007087
1081,576.1387939,0.06381930247310737
1082,576.3668823,0.06397953964317474
1083,576.5950317,0.06407361834479923
1084,576.8231201,0.06408923156077774
1085,577.0512695,0.06401533995151412
1086,577.2794189,0.06379029252378694
1087,577.5076294,0.06353793506021144
1088,577.7357788,0.06322435332108914
1089,577.9639893,0.06295086081602312
1090,578.1921997,0.06271102362323056
1091,578.4204102,0.06262329249935233
1092,578.6486206,0.06269600736532485
1093,578.8768311,0.06286164430217869
1094,579.1051025,0.06310229928938896
1095,579.333374,0.06336805868883932
1096,579.5616455,0.06363557259697167
1097,579.789917,0.06384650212076673
1098,580.0182495,0.06399748328018583
1099,580.246521,0.0640383121545108
1100,580.4748535,0.06401220776852691
1101,580.703186,0.06376164277251985
1102,580.9315796,0.06342873854176283
1103,581.1599121,0.06298324355859981
1104,581.3883057,0.06256805943470016
1105,581.6166992,0.06213851688014178
1106,581.8450928,0.061809801344199375
1107,582.0734863,0.061635393653493305
1108,582.3019409,0.0616176466700245
1109,582.5303345,0.06183666287360281
1110,582.7587891,0.06218165982411662
1111,582.9872437,0.06273629521788626
1112,583.2157593,0.06332584197047618
1113,583.4442139,0.06392878885454162
1114,583.6727295,0.06444579073964196
1115,583.9012451,0.06496025933494096
1116,584.1297607,0.06534865777742344
1117,584.3582764,0.06556835097801687
1118,584.586853,0.06566778307909721
1119,584.8154297,0.06555280780348806
1120,585.0439453,0.0653910115420877
1121,585.272583,0.06491970146136493
1122,585.5011597,0.06448793403661388
1123,585.7297363,0.06403809757960269
1124,585.958374,0.06367273723803091
1125,586.1870117,0.06327157622541378
1126,586.4156494,0.06297390938626615
1127,586.6443481,0.06273301008350861
1128,586.8729858,0.06259606443293939
1129,587.1016846,0.06254975353548207
1130,587.3303833,0.06263148963808597
1131,587.559082,0.06293807077466046
1132,587.7877808,0.06333323360202876
1133,588.0165405,0.06383939141720626
1134,588.2452393,0.06439996546345046
1135,588.473999,0.06500490415345427
1136,588.7027588,0.06560016411307107
1137,588.9315796,0.06614023431299348
1138,589.1603394,0.06660558684118803
1139,589.3891602,0.0669420127657205
1140,589.617981,0.06717820067817179
1141,589.8468018,0.06728159760627735
1142,590.0756226,0.06730381644811863
1143,590.3045044,0.06723394987300567
1144,590.5333862,0.0671066861779169
1145,590.7622681,0.0668849750963539
1146,590.9911499,0.06653890692316228
1147,591.2200317,0.0660551857980506
1148,591.4489136,0.06539440989966469
1149,591.6778564,0.06460129736936629
1150,591.9067993,0.06369916431174391
1151,592.1357422,0.06276628793503738
1152,592.3646851,0.06176159515158868
1153,592.593689,0.06082070856175677
1154,592.8226929,0.059916223829696566
1155,593.0516968,0.05916974505789576
1156,593.2807007,0.05856848941891075
1157,593.5097046,0.05817877598621918
1158,593.7387695,0.05806361285810181
1159,593.9677734,0.05817271765490409
1160,594.1968384,0.058543506732958626
1161,594.4259033,0.059084399933734905
1162,594.6549683,0.05984087858460537
1163,594.8840942,0.06067505692163605
1164,595.1132202,0.061612127851309435
1165,595.3423462,0.0625083734899184
1166,595.5714722,0.06342394943043703
1167,595.8005981,0.06418336850074391
1168,596.0297241,0.06496444205281045
1169,596.2589111,0.06547374215640925
1170,596.4880981,0.0657547481885345
1171,596.7172852,0.06570859335299006
1172,596.9464722,0.06532637570671965
1173,597.1757202,0.0646841400196962
1174,597.4049072,0.06384829433553293
1175,597.6341553,0.06286727720623113
1176,597.8634033,0.06181234459000034
1177,598.0926514,0.06070598189783638
1178,598.3219604,0.05956556733122265
1179,598.5512695,0.05850661000318744
1180,598.7805176,0.05755885488190315
1181,599.0098267,0.05677631823207291
1182,599.2391968,0.05617634100550782
1183,599.4685059,0.05576622871535404
1184,599.697876,0.0555507158557822
1185,599.9271851,0.05555542583949564
1186,600.1565552,0.05578409404588524
1187,600.3859863,0.05623735962010865
1188,600.6153564,0.05690185140479231
1189,600.8447876,0.05778060713855603
1190,601.0741577,0.05883048252349356
1191,601.3035889,0.06003177908022462
1192,601.5330811,0.061313265689455373
1193,601.7625122,0.06259249795202171
1194,601.9920044,0.06380674018987374
1195,602.2214355,0.06489569569723012
1196,602.4509277,0.06580216594726972
1197,602.680481,0.06637305979462114
1198,602.9099731,0.06666645198279987
1199,603.1394653,0.06668447376076199
1200,603.3690186,0.0664479581216702
1201,603.5985718,0.0659624329464984
1202,603.828125,0.06527930634545229
1203,604.0577393,0.06447408782399246
1204,604.2872925,0.06355971956368792
1205,604.5169067,0.06268802676633035
1206,604.746521,0.06179013664213773
1207,604.9761353,0.06104761110545367
1208,605.2057495,0.060316745313652276
1209,605.4354248,0.05963246743517573
1210,605.6650391,0.059028732283855634
1211,605.8947144,0.05855784036525078
1212,606.1243896,0.05820246345988092
1213,606.354126,0.05797796014631633
1214,606.5838013,0.05787914978754586
1215,606.8135376,0.05787763506075907
1216,607.0432129,0.05801830052552506
1217,607.2730103,0.05828174309348922
1218,607.5027466,0.0587108641149812
1219,607.7324829,0.05928971874886547
1220,607.9622803,0.059993566226529224
1221,608.1920776,0.06079767813837218
1222,608.421875,0.06174442754784448
1223,608.6516724,0.06280356354603457
1224,608.8814697,0.06388947987117788
1225,609.1113281,0.0649735645294566
1226,609.3411865,0.0660352813760274
1227,609.5710449,0.06702800793210734
1228,609.8009033,0.067885581679324
1229,610.0307617,0.06858028754868276
1230,610.2606812,0.06913045599140243
1231,610.4905396,0.06948321513157511
1232,610.720459,0.06959459704965625
1233,610.9504395,0.06947652242983575
1234,611.1803589,0.06913813294865472
1235,611.4102783,0.06859017356181088
1236,611.6402588,0.0679532289263423
1237,611.8702393,0.06716497775209858
1238,612.1002197,0.0665585840887291
1239,612.3302002,0.06584293690779229
1240,612.5602417,0.0651980532064777
1241,612.7902222,0.0645001179767799
1242,613.0202637,0.06389322107271263
1243,613.2503052,0.06329457207581626
1244,613.4804077,0.06279672185585623
1245,613.7104492,0.06233645170966787
1246,613.9405518,0.061929280484619396
1247,614.1705933,0.06155401051410085
1248,614.4006958,0.06117259162813425
1249,614.6308594,0.06089810285825846
1250,614.8609619,0.060717249668186236
1251,615.0911255,0.06069006649420257
1252,615.321228,0.06080971110794985
1253,615.5513916,0.0611246514585025
1254,615.7816162,0.06163207826131714
1255,616.0117798,0.06230948864854347
1256,616.2419434,0.06314407381669582
1257,616.472168,0.06408668817157168
1258,616.7023926,0.06512445821594348
1259,616.9326172,0.06622867440596894
1260,617.1628418,0.06736633038654406
1261,617.3931274,0.06845147247775503
1262,617.6234131,0.06947779923837062
1263,617.8536377,0.07037357131246373
1264,618.0839844,0.07115562059901194
1265,618.31427,0.07161778294179971
1266,618.5445557,0.07191620709932876
1267,618.7749023,0.07204792827272567
1268,619.005249,0.07203889069017706
1269,619.2355957,0.07194930694714742
1270,619.4659424,0.07172924586823165
1271,619.6962891,0.07144209069454927
1272,619.9266968,0.07105814619477892
1273,620.1571045,0.0707489853783401
1274,620.3875122,0.0703605146190557
1275,620.6179199,0.07007198332168865
1276,620.8483276,0.06972041801640298
1277,621.0787964,0.06942308073654309
1278,621.3092041,0.0690520017154813
1279,621.5396729,0.06867344987763098
1280,621.7701416,0.06824750593927352
1281,622.0006104,0.06781524625752385
1282,622.2311401,0.067336883300519
1283,622.4616699,0.06684469697528557
1284,622.6921387,0.06642960098560265
1285,622.9226685,0.06611505002606882
1286,623.1532593,0.06586307909147825
1287,623.3837891,0.0657027434718232
1288,623.6143799,0.06557463134095995
1289,623.8449097,0.06552380807801622
1290,624.0755005,0.06560516859027811
1291,624.3061523,0.06579771127562295
1292,624.5367432,0.0661591127685865
1293,624.767334,0.0666170082440473
1294,624.9979858,0.0671623752987499
1295,625.2286377,0.06775492674622541
1296,625.4592896,0.0683242870349592
1297,625.6899414,0.06889592443775541
1298,625.9206543,0.06935125619558866
1299,626.1513672,0.06978733228605508
1300,626.382019,0.07016934666686278
1301,626.6127319,0.07050949305465315
1302,626.8435059,0.07072138907075902
1303,627.0742188,0.07088897925520816
1304,627.3049927,0.07096698781177063
1305,627.5357056,0.07103073231579407
1306,627.7664795,0.07108681776780879
1307,627.9973145,0.07116069959125086
1308,628.2280884,0.07127429759638453
1309,628.4588623,0.07133195328203837
1310,628.6896973,0.07131833501916471
1311,628.9205322,0.0712904367242289
1312,629.1513672,0.07125932250506853
1313,629.3822021,0.0712091609254583
1314,629.6130981,0.07116493837808217
1315,629.8439941,0.07118670211072442
1316,630.0748291,0.07128515637101417
1317,630.3057251,0.07146794527068705
1318,630.5366821,0.07174349619476511
1319,630.7675781,0.07210783844510021
1320,630.9985352,0.07256320890561305
1321,631.2294312,0.0730520842809317
1322,631.4603882,0.0735972160607457
1323,631.6913452,0.07431704677507271
1324,631.9223633,0.07506152123619929
1325,632.1533203,0.07580834966129535
1326,632.3843384,0.07651682046326878
1327,632.6153564,0.07722826744552433
1328,632.8463745,0.07783522483529912
1329,633.0773926,0.07835231479408297
1330,633.3084717,0.07876191183350216
1331,633.5394897,0.07917296732544844
1332,633.7705688,0.07941404583272078
1333,634.0016479,0.07951640840644147
1334,634.2327271,0.07946958672690485
1335,634.4638062,0.0793106939076331
1336,634.6949463,0.07900941514432124
1337,634.9260864,0.07859872232412317
1338,635.1572266,0.07815881842387333
1339,635.3883667,0.0777151897431401
1340,635.6195068,0.07724720614206282
1341,635.850647,0.07679869992617297
1342,636.0818481,0.07641603443576783
1343,636.3130493,0.07613511978197125
1344,636.5442505,0.07597540879573583
1345,636.7754517,0.07596936159542934
1346,637.0067139,0.07617880509636557
1347,637.237915,0.07657887884103284
1348,637.4691772,0.07720776194750803
1349,637.7004395,0.07801663323825063
1350,637.9317017,0.07899183244414076
1351,638.1629639,0.08009246710099166
1352,638.3942871,0.08118753838069878
1353,638.6255493,0.08233679584675993
1354,638.8568726,0.08350874412495647
1355,639.0881958,0.08463278517197531
1356,639.319519,0.08565926482186904
1357,639.5509033,0.08649299073385121
1358,639.7822266,0.0870370524953434
1359,640.0136108,0.0872914800971857
1360,640.2449951,0.08719066573239326
1361,640.4763794,0.08687407151854233
1362,640.7078247,0.0863685820620792
1363,640.939209,0.08575018139419491
1364,641.1706543,0.08506265903467956
1365,641.4020996,0.08429311416633174
1366,641.6335449,0.08349632784165936
1367,641.8649902,0.08279837000175536
1368,642.0964355,0.08219603425414702
1369,642.3279419,0.08180786571685808
1370,642.5594482,0.08156039240279078
1371,642.7909546,0.08149013597728377
1372,643.0224609,0.0815467781177871
1373,643.2539673,0.081643143918815
1374,643.4854736,0.08184981473570924
1375,643.717041,0.08221952359705532
1376,643.9486084,0.08269564281335824
1377,644.1801758,0.0832537982798668
1378,644.4117432,0.08390632821343283
1379,644.6433716,0.08466038522023188
1380,644.874939,0.08547666791824639
1381,645.1065674,0.08636750471370086
1382,645.3381958,0.08734661232710102
1383,645.5698242,0.08849112615745987
1384,645.8014526,0.08960091085244258
1385,646.0331421,0.09067928192117321
1386,646.2648315,0.09162601189661844
1387,646.49646,0.09236995674026964
1388,646.7281494,0.09277299209571367
1389,646.9598999,0.09277010757317468
1390,647.1915894,0.0923373119280737
1391,647.4233398,0.09152877411704455
1392,647.6550293,0.09016899584699757
1393,647.8867798,0.08858595064746405
1394,648.1185303,0.08689287148207216
1395,648.3503418,0.0853075058309915
1396,648.5820923,0.0837042177118787
1397,648.8139038,0.08240706279267365
1398,649.0457153,0.08138505234132082
1399,649.2775269,0.08077410825681954
1400,649.5093384,0.08058540568464828
1401,649.7411499,0.08083116335525264
1402,649.9730225,0.08157628783734108
1403,650.204895,0.08267860718159392
1404,650.4367676,0.08412228070554681
1405,650.6686401,0.08578319397433483
1406,650.9005127,0.08757856448470897
1407,651.1323853,0.08934523466215333
1408,651.3643188,0.09092934750479968
1409,651.5962524,0.09223867850017413
1410,651.828186,0.09307758569959405
1411,652.0601196,0.09342428050749663
1412,652.2920532,0.09296468537175358
1413,652.5240479,0.09246875479840777
1414,652.7560425,0.09113317396722229
1415,652.9879761,0.09149298871143269
1416,653.2199707,0.09091418499110299
1417,653.4520264,0.09144024582545703
1418,653.684021,0.09055109271343605
1419,653.9160767,0.0888464842291063
1420,654.1480713,0.08605461889999247
1421,654.380127,0.08249151011181269
1422,654.6122437,0.07883779077586889
1423,654.8442993,0.07497575026239024
1424,655.076355,0.07143092632774167
1425,655.3084717,0.06743734902506418
1426,655.5405884,0.06417271230128814
1427,655.7727051,0.06103668975071629
1428,656.0048218,0.05883598924924767
1429,656.2369385,0.05737626126426176
1430,656.4691162,0.056821402420722644
1431,656.7012939,0.057125171539095826
1432,656.9334717,0.058302267300017675
1433,657.1656494,0.06038003698540613
1434,657.3978271,0.06338263720306175
1435,657.6300049,0.06740962214542078
1436,657.8622437,0.07256754145625684
1437,658.0944824,0.07895591386447284
1438,658.3267212,0.08656771678275654
1439,658.55896,0.09548472734350265
1440,658.7911987,0.10548066559991738
1441,659.0234985,0.11657605486918424
1442,659.2557373,0.12740007140151238
1443,659.4880371,0.13822181499315692
1444,659.7203369,0.14595939989248938
1445,659.9526978,0.15191860970629364
1446,660.1849976,0.15401418501557584
1447,660.4172974,0.1534467626048235
1448,660.6496582,0.14985215377794706
1449,660.882019,0.14396448880080787
1450,661.1143799,0.13639775685618893
1451,661.3467407,0.12825724847461864
1452,661.5791626,0.1202750786961938
1453,661.8115845,0.11388734327177942
1454,662.0439453,0.10923473351540315
1455,662.2763672,0.10669275099973503
1456,662.5087891,0.10531361759270359
1457,662.741272,0.10437903878267613
1458,662.9736938,0.10345719131282831
1459,663.2061768,0.1024247010136393
1460,663.4386597,0.10127607377791507
1461,663.6711426,0.10010380167629294
1462,663.9036255,0.09892105143698929
1463,664.1361084,0.09795596988270623
1464,664.3686523,0.09708020640602599
1465,664.6011963,0.09638492884594502
1466,664.8336792,0.09585318099341822
1467,665.0662842,0.09550522182855285
1468,665.2988281,0.0954046532859538
1469,665.5313721,0.09560976968326898
1470,665.7639771,0.0960185790359102
1471,665.996582,0.0966082103764463
1472,666.229187,0.0973904910416093
1473,666.461792,0.09832349206704451
1474,666.694397,0.09938466154060471
1475,666.927002,0.10048052803255991
1476,667.159668,0.10155601528240074
1477,667.392334,0.10249277127263068
1478,667.625,0.10322652040843525
1479,667.857666,0.10364795204831921
1480,668.090332,0.10378589892611884
1481,668.3230591,0.10351713824154225
1482,668.5557251,0.10308412251256989
1483,668.7884521,0.10224972519914662
1484,669.0211792,0.10156501757934047
1485,669.2539673,0.10051226788990246
1486,669.4866943,0.09937409496480022
1487,669.7194214,0.09796400820931098
1488,669.9522095,0.09646732431434742
1489,670.1849976,0.09479911217599019
1490,670.4177856,0.09307933266151901
1491,670.6505737,0.09127385362528287
1492,670.8834229,0.08946929539483992
1493,671.1162109,0.08759948893419749
1494,671.3490601,0.08581377116872016
1495,671.5819092,0.08425108959316387
1496,671.8147583,0.08303012628030275
1497,672.0476074,0.08214366857355483
1498,672.2805176,0.08170439492681313
1499,672.5134277,0.08169273546549927
1500,672.7462769,0.08215938110274064
1501,672.979187,0.08303560809054614
1502,673.2120972,0.08432320226141764
1503,673.4450684,0.0860248237907222
1504,673.6779785,0.0879954506937771
1505,673.9109497,0.09013560139338181
1506,674.1439209,0.09229867578652072
1507,674.3768921,0.09429670870884418
1508,674.6098633,0.09611576660577895
1509,674.8428345,0.09767873085897362
1510,675.0758667,0.09886776757379762
1511,675.3088379,0.09964082871248885
1512,675.5418701,0.09983577238295283
1513,675.7749023,0.09949453454617374
1514,676.0079346,0.09873826053566677
1515,676.2410278,0.09766991975108669
1516,676.4740601,0.09658047422437878
1517,676.7071533,0.09543427468223267
1518,676.9402466,0.09435980513373438
1519,677.1733398,0.09329318079780519
1520,677.4064331,0.09243563026807283
1521,677.6395874,0.09163327231745437
1522,677.8726807,0.09104975130878908
1523,678.105835,0.09056353593928713
1524,678.3389893,0.09032249679892858
1525,678.5721436,0.09017088113089951
1526,678.8052979,0.09009040101824348
1527,679.0385132,0.09010245960020477
1528,679.2716675,0.09018476228079446
1529,679.5048828,0.09030728327486558
1530,679.7380981,0.09042817809988424
1531,679.9713135,0.09064150525762238
1532,680.2045288,0.09094892415059393
1533,680.4378052,0.09129789565550502
1534,680.6710205,0.09171533177549006
1535,680.9042969,0.09219885286316093
1536,681.1375732,0.09274348283841612
1537,681.3708496,0.09334565057415221
1538,681.604126,0.0939371091770918
1539,681.8374634,0.09469368878020917
1540,682.0707397,0.0953453468811569
1541,682.3040771,0.09616423441564552
1542,682.5374146,0.09675037799819443
1543,682.770752,0.09728302116923271
1544,683.0041504,0.09741207602533342
1545,683.2374878,0.09713322231728258
1546,683.4708862,0.09640042238574185
1547,683.7042236,0.09524252402925532
1548,683.9376221,0.09372796143836855
1549,684.1710815,0.09196332623587941
1550,684.40448,0.09009635479655166
1551,684.6378784,0.08827386432628204
1552,684.8713379,0.08649994497537183
1553,685.1047974,0.08495749798775672
1554,685.3382568,0.0836402369638672
1555,685.5717163,0.0826900692951242
1556,685.8051758,0.08206853960048856
1557,686.0386963,0.08186668730451006
1558,686.2721558,0.0820720088733178
1559,686.5056763,0.08267436249173411
1560,686.7391968,0.08365056028813772
1561,686.9727173,0.0849394460599501
1562,687.2062988,0.08648878269000247
1563,687.4398193,0.08821022125202609
1564,687.6734009,0.09001256284670675
1565,687.9069824,0.09186107176780685
1566,688.140564,0.09368124884166865
1567,688.3741455,0.09533248097683214
1568,688.6077271,0.09673202985109658
1569,688.8413696,0.09769218712754636
1570,689.0749512,0.09821886230283987
1571,689.3085938,0.09818448796130481
1572,689.5422363,0.09771971785160306
1573,689.7758789,0.09694674316968589
1574,690.0095825,0.09590373872939549
1575,690.2432251,0.09461580984933944
1576,690.4769287,0.09321302440737958
1577,690.7106323,0.09177754801640216
1578,690.9443359,0.0903870239074813
1579,691.1780396,0.08908366828337189
1580,691.4117432,0.0879716058274604
1581,691.6454468,0.08710692277067844
1582,691.8792114,0.08650601679527851
1583,692.1129761,0.08618699595355632
1584,692.3467407,0.08618691409219734
1585,692.5805054,0.08649050684484294
1586,692.81427,0.08704981203428225
1587,693.0480957,0.08780430549468239
1588,693.2819214,0.08868265361806088
1589,693.515686,0.08960300878672628
1590,693.7495117,0.09064288545662604
1591,693.9833984,0.09157627103279416
1592,694.2172241,0.09277285203294423
1593,694.4510498,0.09368998865607443
1594,694.6849365,0.0943837308044513
1595,694.9188232,0.09464645919949415
1596,695.15271,0.0944618473218394
1597,695.3865967,0.09385376582633037
1598,695.6204834,0.09287406232996848
1599,695.8544312,0.09159839107916826
1600,696.0883179,0.09012616088254041
1601,696.3222656,0.08841111287415182
1602,696.5562134,0.08661896746560117
1603,696.7901611,0.0848485884332812
1604,697.0241089,0.08331743103924164
1605,697.2581177,0.08211336698576516
1606,697.4921265,0.08137522700854755
1607,697.7260742,0.0811276566066378
1608,697.960083,0.08141991994738824
1609,698.1940918,0.0822713524727842
1610,698.4281616,0.0836466395783212
1611,698.6621704,0.08545463332662881
1612,698.8962402,0.08771077077171407
1613,699.1303101,0.09039737114063921
1614,699.3643188,0.09339867346411133
1615,699.5984497,0.09667489434513347
1616,699.8325195,0.1000661887918536
1617,700.0665894,0.10345946194710853
1618,700.3007202,0.10640817276766178
1619,700.5348511,0.10876713330995455
1620,700.7689209,0.11029207779914625
1621,701.0031128,0.11101762996273355
1622,701.2372437,0.11077065141111504
1623,701.4713745,0.10986252487202036
1624,701.7055664,0.10826217971788155
1625,701.9396973,0.1063779561428059
1626,702.1738892,0.10406490442884286
1627,702.4080811,0.10182596667039698
1628,702.642334,0.09986293385556214
1629,702.8765259,0.09823346373698183
1630,703.1107788,0.09719259554478031
1631,703.3449707,0.0966305431228325
1632,703.5792236,0.09668488120031744
1633,703.8134766,0.09721778169120641
1634,704.0477295,0.09814367309915799
1635,704.2820435,0.09942614972079626
1636,704.5162964,0.10072941271541165
1637,704.7506104,0.10208221330569926
1638,704.9849243,0.1030471086081766
1639,705.2192383,0.103769347249865
1640,705.4535522,0.10382713502580695
1641,705.6878662,0.10322540280910497
1642,705.9222412,0.10200190933619055
1643,706.1565552,0.09994195178948176
1644,706.3909302,0.09761292474883422
1645,706.6253052,0.09485331901185214
1646,706.8596802,0.09221431196506534
1647,707.0941162,0.08964467748976339
1648,707.3284912,0.08746461225370628
1649,707.5629272,0.08568156729076609
1650,707.7973022,0.08447593544852783
1651,708.0317383,0.08385196290732393
1652,708.2661743,0.08388324021403894
1653,708.5006714,0.08450310183285287
1654,708.7351074,0.08566042897581805
1655,708.9696045,0.08726450659323846
1656,709.2040405,0.08933495779082343
1657,709.4385376,0.09167760456752523
1658,709.6730347,0.09424564143628172
1659,709.9075928,0.09683402926100289
1660,710.1420898,0.09934368572181754
1661,710.3765869,0.10157874784876925
1662,710.611145,0.10335154242894215
1663,710.8457031,0.10464970772613169
1664,711.0802612,0.10539259261705107
1665,711.3148193,0.10552741880444885
1666,711.5494385,0.1050708473931285
1667,711.7839966,0.10413881521246929
1668,712.0186157,0.10282655763737714
1669,712.2532349,0.10115426790759977
1670,712.487854,0.0992901663875765
1671,712.7224731,0.09744413728449272
1672,712.9570923,0.09564644177934482
1673,713.1917114,0.09404710000156861
1674,713.4263916,0.09264472840077174
1675,713.6610718,0.09150695353741731
1676,713.895752,0.09065032560420626
1677,714.1304321,0.09005480373432845
1678,714.3651123,0.08978736468236526
1679,714.5998535,0.0898262217598463
1680,714.8345337,0.09023179341110558
1681,715.0692749,0.09097593184580333
1682,715.3040161,0.09217766689154944
1683,715.5387573,0.09371096814122663
1684,715.7734985,0.09550166205796162
1685,716.0082397,0.09737005815455817
1686,716.243042,0.0992501666925761
1687,716.4777832,0.10095484790212354
1688,716.7125854,0.10234066484829735
1689,716.9473877,0.10333757611545942
1690,717.1821899,0.10371007036492698
1691,717.4170532,0.1036035367136842
1692,717.6518555,0.10278223383492781
1693,717.8867188,0.10168002908937858
1694,718.121582,0.10033523192543023
1695,718.3564453,0.09894412855856147
1696,718.5913086,0.0975927591905607
1697,718.8261719,0.09646542590792005
1698,719.0610352,0.09561003633783137
1699,719.2959595,0.09513720998252798
1700,719.5308838,0.0949962620566397
1701,719.7658081,0.09529911154134181
1702,720.0007324,0.0958823715324646
1703,720.2356567,0.09692119093258215
1704,720.4705811,0.09814190479526588
1705,720.7055664,0.0996438731943328
1706,720.9404907,0.10117643210730622
1707,721.1754761,0.102656790083621
1708,721.4104614,0.10403480033397738
1709,721.6454468,0.10523853924776681
1710,721.8804932,0.10624101739184319
1711,722.1154785,0.10702058646855338
1712,722.3505249,0.10757160000857245
1713,722.5855103,0.10792723523559715
1714,722.8205566,0.10810672351269655
1715,723.055603,0.10814162647176183
1716,723.2907104,0.10825941589312382
1717,723.5257568,0.10827466967304004
1718,723.7608032,0.10840387196718934
1719,723.9959106,0.1083929483309016
1720,724.2310181,0.10843839892055673
1721,724.4661255,0.10831484524522544
1722,724.7012329,0.10810822249683204
1723,724.9364014,0.10776347359896066
1724,725.1715088,0.10734882068125065
1725,725.4066772,0.10687194739232767
1726,725.6417847,0.1063669501316508
1727,725.8769531,0.10584992551833926
1728,726.1121216,0.1053183739163831
1729,726.3473511,0.10477109779137211
1730,726.5825195,0.10420270785342117
1731,726.817749,0.10376386751796171
1732,727.0529175,0.10330625802230635
1733,727.288147,0.10297345127233039
1734,727.5233765,0.10259525645634145
1735,727.758606,0.10234617750970199
1736,727.9938965,0.10209208861924725
1737,728.229126,0.10203241324002785
1738,728.4644165,0.10192753047586854
1739,728.699707,0.10183096185450913
1740,728.9349976,0.10155785166466608
1741,729.1702881,0.10110112463380042
1742,729.4055786,0.100379021648869
1743,729.6408691,0.09945356592282968
1744,729.8762207,0.09835570585452862
1745,730.1115723,0.09719038233119846
1746,730.3469238,0.09586943916529124
1747,730.5822754,0.09462905753940572
1748,730.817627,0.09346904209970873
1749,731.0529785,0.0925116062990019
1750,731.2883911,0.09174355798353362
1751,731.5237427,0.09127553050299361
1752,731.7591553,0.09114212542763202
1753,731.9945679,0.0911821333596802
1754,732.2299805,0.09137248313638568
1755,732.4653931,0.09167540392425659
1756,732.7008667,0.09209617852844867
1757,732.9362793,0.09259138311195966
1758,733.1717529,0.09317227568270804
1759,733.4072266,0.09375378215202723
1760,733.6427002,0.09437505463303296
1761,733.8781738,0.09480068765961802
1762,734.1136475,0.09523302066329085
1763,734.3491821,0.09557329002034132
1764,734.5847168,0.09585171517914992
1765,734.8201904,0.09593266579852393
1766,735.0557251,0.0959266655754388
1767,735.2912598,0.09578492608431867
1768,735.5268555,0.0955962762732095
1769,735.7623901,0.09538377756132084
1770,735.9979858,0.09528996898362177
1771,736.2335205,0.09529366083601758
1772,736.4691162,0.0954895345187115
1773,736.7047119,0.0957822052641022
1774,736.9403076,0.09621849254765491
1775,737.1759033,0.09670190230368889
1776,737.4115601,0.09711861278346474
1777,737.6472168,0.09751214260332976
1778,737.8828125,0.09770977875347359
1779,738.1184692,0.0978238847048389
1780,738.354126,0.0977419155093331
1781,738.5897827,0.09753744129536758
1782,738.8255005,0.09721766357896598
1783,739.0611572,0.09699959406378127
1784,739.296875,0.09698200106045941
1785,739.5325928,0.09725692024545052
1786,739.7683105,0.09786650696744255
1787,740.0040283,0.09901263326669105
1788,740.2397461,0.10053652398601129
1789,740.4755249,0.10247388564553236
1790,740.7112427,0.1046855102725646
1791,740.9470215,0.10709295011704655
1792,741.1828003,0.10958736771348694
1793,741.4185791,0.11205459017402424
1794,741.6543579,0.1143736134330835
1795,741.8901367,0.1164503303216076
1796,742.1259766,0.11816866789571621
1797,742.3617554,0.11953006715032355
1798,742.5975952,0.12040213058351994
1799,742.8334351,0.1209480296687481
1800,743.0692749,0.12120962617089528
1801,743.3051147,0.1213327761502264
1802,743.5410156,0.12155772633453713
1803,743.7768555,0.12178991831897708
1804,744.0127563,0.1222648737427177
1805,744.2486572,0.12280773054042633
1806,744.4845581,0.12357422924878168
1807,744.720459,0.12449876153164222
1808,744.9563599,0.1256534417592064
1809,745.1922607,0.12692698647011033
1810,745.4282227,0.12822257877675663
1811,745.6641846,0.12945237522589362
1812,745.9000854,0.13050561045070025
1813,746.1360474,0.13139843554719502
1814,746.3720703,0.1320764531217647
1815,746.6080322,0.13264167635104815
1816,746.8439941,0.13317943347113678
1817,747.0800171,0.13393906844332795
1818,747.31604,0.13482929465308882
1819,747.552063,0.1361961694717924
1820,747.7880859,0.1381098895821404
1821,748.0241089,0.14095214347533508
1822,748.2601318,0.1449819176881549
1823,748.4962158,0.1506644311571442
1824,748.7322388,0.15874887344451186
1825,748.9683228,0.17002767498173735
1826,749.2044067,0.18582627307072924
1827,749.4404907,0.20784645540212807
1828,749.6765747,0.2366751758302064
